lemma,frequency,rank
",",6465,1
burgonya,1422,2
rántott,1338,3
rizs,1190,4
-,1147,5
saláta,1092,6
csirkemell,1067,7
tészta,760,8
sült,744,9
sertés,699,10
párolt,553,11
:,503,12
szél,448,13
töltött,440,14
c,429,15
csirkecomb,421,16
petrezselymes,390,17
leves,387,18
sajt,323,19
rizz,307,20
rizibizi,307,21
zöldséges,266,22
törtburgonya,261,23
gyümölcsleves,238,24
hagymás,238,25
vagy,228,26
szelet,224,27
majonézes,214,28
és,211,29
gombás,187,30
sajtos,177,31
galuska,175,32
cső,175,33
csirke,174,34
tejszínes,171,35
mód,170,36
bulgur,168,37
steak,166,38
tar,162,39
ránt,155,40
káposzta,152,41
krokett,144,42
zöldség,138,43
főzelék,137,44
sertésszelet,135,45
mustáros,131,46
francia,131,47
burgonyapüré,130,48
jázmin,129,49
karaj,128,50
tekercs,127,51
sültburgonya,125,52
párizsi,125,53
kukoricás,122,54
sertéskaraj,122,55
vegyes,118,56
gomba,118,57
hús,117,58
krémleves,115,59
halfilé,115,60
karfiol,112,61
köret,110,62
spagetti,109,63
Párizsi,109,64
java,109,65
tokány,108,66
rakott,107,67
vajas,106,68
szezámmagos,101,69
fokhagymás,101,70
Sajt,100,71
oldalas,98,72
Babgulyás,98,73
csirkeszárny,97,74
tepsis,96,75
csontleves,95,76
rizzsel,95,77
raguleves,91,78
hasábburgonya,91,79
sül,90,80
friss,87,81
túrós,86,82
tartár,86,83
öntet,86,84
rántva,83,85
tarhonya,81,86
Lecsós,81,87
brokkoli,80,88
pirított,80,89
mexikói,80,90
sonka,79,91
gulyásleves,79,92
tárkonyos,78,93
Bbq,78,94
kolbász,77,95
csík,77,96
kukorica,77,97
"""",75,98
bableves,74,99
uborka,74,100
csirkemáj,73,101
mákos,72,102
magyaros,70,103
savanyúság,69,104
tejfölös,68,105
Roston,67,106
pörkölt,67,107
mártás,67,108
+,66,109
Csirkemell,66,110
Füstölt,66,111
paprikás,65,112
majonéz,65,113
tört,65,114
pulykamell,65,115
bakonyi,64,116
krumpli,64,117
Bolognai,63,118
gulyás,62,119
hal,62,120
szezámos,62,121
gombóc,60,122
jérce,60,123
fűszeres,60,124
sajt-,60,125
sütve,59,126
káposztás,58,127
palacsinta,57,128
tartármártás,56,129
frankfurti,56,130
Leves,56,131
máj,55,132
püré,54,133
jércemell,54,134
burgonyapüre,54,135
tölt,53,136
batyu,53,137
csongrádi,53,138
brokkolis,53,139
lecsós,53,140
–,52,141
Tejfölös,51,142
Kijevi,51,143
ropogós,50,144
jóasszony,50,145
Milánói,49,146
sertésborda,49,147
húsos,49,148
tengeri,49,149
flekk,49,150
sertésmáj,48,151
kroket,48,152
Sajtos,47,153
Bleu,47,154
füstölt,47,155
rizses,46,156
cérnametélt,46,157
derely,45,158
b,45,159
rost,45,160
Sárgaborsó,44,161
Sertéskaraj,44,162
filé,44,163
kompót,44,164
fahéjas,43,165
csusza,42,166
nokedli,42,167
rak,42,168
fasírt,41,169
rizottó,41,170
velő,41,171
barack,41,172
hekk,41,173
grillezett,41,174
bunda,41,175
nudli,40,176
hamis,39,177
házi,39,178
Bakonyi,39,179
Orly,39,180
Sertés,39,181
sertéspörkölt,38,182
vadas,38,183
rizzs,38,184
Zöldbabfőzelék,38,185
aprópecsenye,36,186
sósburgonya,36,187
Holstein,36,188
joghurtos,36,189
ragu,36,190
burgonyás,36,191
metélt,35,192
csül,35,193
tarhony,35,194
Stefánia,35,195
vagdalt,34,196
camember,34,197
csirkeragu,34,198
Gulyásleves,33,199
paradicsom,33,200
sonkás,32,201
Fokhagymás,32,202
Vadas,32,203
Bableves,32,204
sokmagvas,32,205
Paradicsomos,31,206
zöldségleves,31,207
alföldi,31,208
Zöldborsó,31,209
barackos,31,210
morzsás,31,211
tejföl,31,212
húsleves,31,213
Csirke,31,214
halszelet,31,215
sós,30,216
savanyú,30,217
kacsacomb,30,218
camamber,30,219
Sokmagvas,30,220
Kelkáposzta,29,221
édes,29,222
sertésapró,29,223
alma,29,224
steakburgonya,29,225
Cigánypecsenye,29,226
Óvári,29,227
kuszkusz,29,228
burgonyaleves,28,229
Burgonyafőzelék,28,230
.,28,231
Cordon,28,232
lekvár,28,233
sertéssül,28,234
zsemlegombóc,28,235
csőtészta,28,236
gyümölcs,28,237
diós,28,238
burger,27,239
zöldborsós,27,240
görög,27,241
sertésragu,27,242
gazdag,27,243
Pankó,27,244
hercegnő,27,245
grízes,27,246
Cornflakes,27,247
pür,27,248
Jókai,26,249
virsli,26,250
Dubarry,26,251
rizsfelfújt,26,252
sertéscsík,26,253
sajttal-,26,254
búbos,25,255
tyúkhúsleves,25,256
zsemlekocka,25,257
prézlis,25,258
áfonya,25,259
Hawaii,25,260
karika,25,261
rizi-bizi,25,262
pecseny,25,263
krumplipüré,25,264
húsgombóc,24,265
ízes,24,266
Pékné,24,267
resztelt,24,268
kapros,24,269
szárnyas,24,270
filézett,24,271
menü,24,272
budapest,24,273
Zöldbableves,23,274
Brassói,23,275
Palócgulyás,23,276
Tökfőzelék,23,277
gombaleves,23,278
Sertéspörkölt,23,279
Sonka,23,280
sajtmártás,23,281
tojásos,23,282
pesz,23,283
főtt,23,284
Pankómorzsás,23,285
lyoni,23,286
/,23,287
Csontleves,22,288
karikás,22,289
bacon,22,290
grill,22,291
csigatészta,22,292
tökmagos,22,293
kijevi,22,294
sokmagos,22,295
kocka,21,296
bácskai,21,297
baracklekvár,21,298
babgulyás,21,299
szecsuáni,21,300
temesvári,21,301
paradicsomos,21,302
Mézes,21,303
csirkés,21,304
olasz,20,305
paprika,20,306
főttburgonya,20,307
meggymártás,20,308
többsajtos,20,309
szilvás,20,310
zöldfűszeres,20,311
Natúr,20,312
Gyros,19,313
Túrós,19,314
Csirkepörkölt,19,315
kel,19,316
Szárnyas,19,317
borsmártásos,19,318
Zöldborsófőzelék,19,319
burgonyasaláta,19,320
csemege,19,321
Zöldbab,19,322
zöldborsó,19,323
Zúzapörkölt,18,324
Sobri,18,325
kofapecsenye,18,326
erdélyi,18,327
túrógombóc,18,328
disznótoros,18,329
kolbászos,18,330
Baconös,18,331
csirkemell-,18,332
tükörtojás,18,333
négysajtos,18,334
baconos,18,335
baconös,18,336
bab,17,337
Csülökpörkölt,17,338
Marhapörkölt,17,339
aprópecseny,17,340
Ínyenc,17,341
Mátrai,17,342
borzaska,17,343
amerikai,17,344
gnocchi,17,345
Kapros,17,346
Lencsefőzelék,17,347
Burgonya,17,348
metél,17,349
marharagu,17,350
pankó,17,351
Currys,17,352
sertéstokány,17,353
tavaszias,17,354
dubarry,17,355
kacsa,17,356
Pepperónis,17,357
Zabpelyhes,17,358
hentes,16,359
zöldbableves,16,360
göngyölt,16,361
kemencés,16,362
soksajtos,16,363
gyümölcsmártás,16,364
pikáns,16,365
kruton,16,366
Póréhagymás,16,367
Polpetti,16,368
rösztike,16,369
spenótos,16,370
lasagne,15,371
Pecsenyeleves,15,372
Káposztás,15,373
zöldbab,15,374
2390.,15,375
almaleves,15,376
Csülkös,15,377
levesgyöngy,15,378
mézes,15,379
csalamádé,15,380
császár,15,381
csirkecombfilé,15,382
rablóhús,15,383
krumplipüre,15,384
tésztasaláta,15,385
lenmagos,15,386
dagadó,15,387
Pankós,15,388
nyírségi,14,389
Savanyú,14,390
Ananászos,14,391
erdei,14,392
bécsi,14,393
kolbászmorzsa,14,394
szarvacska,14,395
bac,14,396
roston,14,397
olivás,14,398
rostélyos,14,399
malacsült,14,400
Stroganoff,14,401
darált,14,402
pulykaapró,14,403
orsó,14,404
püre,14,405
Zöldségleves,13,406
Fokhagyma,13,407
zöldborsóleves,13,408
Körömpörkölt,13,409
fasírozott,13,410
Gyümölcsfőzelék,13,411
Magvas,13,412
tökfőzelék,13,413
levél,13,414
apró,13,415
rozmaringos,13,416
Csül,13,417
tekert,13,418
mandulás,13,419
aszalt,13,420
paradicsomleves,13,421
makaróni,13,422
Göngyölt,13,423
Hagymás,13,424
Csirkecomb,13,425
parmezános,13,426
krumplis,13,427
gödöllői,13,428
snidlinges,13,429
natúr,13,430
velős,13,431
csirkemel,13,432
Vasalt,13,433
almasaláta,13,434
tésztaleves,12,435
Kakaspörkölt,12,436
babfőzelék,12,437
Budapest,12,438
krumplileves,12,439
meggyszósz,12,440
penne,12,441
hagyma,12,442
csipetke,12,443
sültkrumpli,12,444
Betyár,12,445
gyümölcsös,12,446
Marha,12,447
röszti,12,448
halászlé,12,449
morzs,12,450
gombafej,12,451
Farm,12,452
sütemény,12,453
cukkini,12,454
aranygaluska,12,455
tortilla,12,456
óvári,12,457
Parmezános,12,458
Grill,12,459
Barackos,12,460
burgonyakrokett,12,461
Chilis,11,462
szilvaleves,11,463
szemes,11,464
Csirkeragu,11,465
Palóc,11,466
tavaszi,11,467
Pásztor,11,468
csirkepaprikás,11,469
Magyaróvári,11,470
Almafőzelék,11,471
Pincepörkölt,11,472
Csirkenyárs,11,473
Kolbászos,11,474
vanília,11,475
nuggets,11,476
kovászos,11,477
szósz,11,478
Grillcsirke,11,479
sajtkrémleves,11,480
lilakáposzta,11,481
sertéssült,11,482
Tejberizs,11,483
mediterrán,11,484
csabai,11,485
Bacon,11,486
borda,11,487
currys,11,488
karikaburgonya,11,489
szalonna,11,490
pontyszelet,11,491
almasali,11,492
tál,10,493
Zöldborsóleves,10,494
Húsgombóc,10,495
fasírozot,10,496
krémes,10,497
rizseshús,10,498
guba,10,499
Hentes,10,500
borsos,10,501
újházi,10,502
Finomfőzelék,10,503
Rablóhús,10,504
Csirkés,10,505
debreceni,10,506
egész,10,507
csontos,10,508
burgundi,10,509
pulykaragu,10,510
pankómorzsa,10,511
ponty,10,512
mézes-mustáros,10,513
falat,10,514
csemegeuborka,10,515
bajor,10,516
cukkíni,10,517
tojás,10,518
marha,10,519
raguval,10,520
Kondorosi,10,521
Csirkemájjal,10,522
Mozzarellás,10,523
gu,10,524
gord,10,525
vele,10,526
ínyenc,10,527
bundás,10,528
Krumplis,9,529
Tavaszi,9,530
Zellerkrémleves,9,531
karfiolleves,9,532
Csikós,9,533
kedvenc,9,534
ananászos,9,535
lecsó,9,536
spenóth,9,537
pirítós,9,538
erőleves,9,539
mártogatós,9,540
narancsos,9,541
szaftos,9,542
lebbencsleves,9,543
kínai,9,544
firenzei,9,545
padlizsa,9,546
Csülökpörköl,9,547
ajvár,9,548
uborkasaláta,9,549
Sertésragu,9,550
kassai,9,551
Family,9,552
burgonyafőzelék,9,553
Debreceni,9,554
grillcsirke,9,555
trópusi,9,556
pulyka,9,557
parasztos,9,558
Hortobágyi,9,559
káposztasaláta,9,560
hollandi,9,561
szárított,9,562
orsótészta,9,563
máglyarakás,9,564
magvas,9,565
Malacsült,9,566
füstöl,9,567
cigánypecsenye,9,568
Kemencés,9,569
Kacsamájjal,9,570
b.,9,571
Majorannás,9,572
halrud,9,573
Orjaleves,8,574
stíriai,8,575
Lencseleves,8,576
Burgonyaleves,8,577
betyár,8,578
csipetk,8,579
hortobágyi,8,580
fánk,8,581
Halászlé,8,582
Baconos,8,583
marhapörkölt,8,584
Cézár,8,585
gratin,8,586
omlós,8,587
pacalpörköl,8,588
almás,8,589
juhtúrós,8,590
szűzpecsenye,8,591
szerb,8,592
Feta,8,593
hideg,8,594
chips,8,595
gombakrémleves,8,596
szárazbab,8,597
kukoricasaláta,8,598
vajgaluska,8,599
Búboshús,8,600
szűz,8,601
lasagna,8,602
eperlevél,8,603
császárhús,8,604
májas,8,605
borzas,8,606
Zsebes,8,607
szalonnás,8,608
franciasaláta,8,609
húsgombócleves,8,610
tőkehalfilé,8,611
dollár,8,612
csirkepörkölt,8,613
Szemesbab,8,614
csirkemelles,8,615
4,8,616
tejszínes-gombás,8,617
pizza,8,618
Parajos,8,619
Bánfi,8,620
csirkemellcsík,8,621
citromos,8,622
a,8,623
Gyümölcsleves,7,624
Húsleves,7,625
Székelykáposzta,7,626
Aranygaluska,7,627
Tyúkhúsleves,7,628
pacal,7,629
Borsos,7,630
2390.-,7,631
lassú,7,632
Pacalpörkölt,7,633
Erdei,7,634
Hideg,7,635
meggyleves,7,636
Karfiol,7,637
Almaszósz,7,638
libacomb,7,639
Temesvári,7,640
kéksajtos,7,641
almafőzelék,7,642
szegedi,7,643
parmezán,7,644
szűzérme,7,645
bazsalikomos,7,646
vadasan,7,647
es,7,648
pontypatkó,7,649
zöldborsófőzelék,7,650
chilis,7,651
morzsa,7,652
ágy,7,653
csülök,7,654
újburgonya,7,655
sztrapacska,7,656
dijoni,7,657
pita,7,658
Rizskoch,7,659
sertésraguleves,7,660
szilva,7,661
1,7,662
ciabatta,7,663
thai,7,664
pankós,7,665
Alma,7,666
bankfalusi,7,667
sertéshús,7,668
Sertéssült,7,669
csirkehús,7,670
Gordon,7,671
Citromos,7,672
jégsaláta,7,673
hagymakrémleves,7,674
pulykasült,7,675
meggyfőzelék,7,676
marhaszél,7,677
Kentucky,7,678
hurka,7,679
Tyúkpörköl,7,680
sztrapacská,7,681
rolád,7,682
töltve,7,683
r.,7,684
a.,7,685
kakaós,7,686
pörköl,7,687
Máglyarakás,6,688
Carbonara,6,689
legényfogó,6,690
Korhelyleves,6,691
Sárgaborsóleves,6,692
Gombaleves,6,693
gyros,6,694
gombócleves,6,695
Grízes,6,696
Csirkemáj,6,697
Mákos,6,698
Meggyfőzelék,6,699
zsemle,6,700
pecsenyeleves,6,701
zöldbabfőzelék,6,702
daragaluska,6,703
halrúd,6,704
Borsostokány,6,705
Krumplifőzelék,6,706
Piszkeszósz,6,707
Túrógombóc,6,708
fetasajtos,6,709
Pilvax,6,710
feta,6,711
avokádós,6,712
sertésszűz,6,713
krut,6,714
burgonyakrémleves,6,715
cheddar,6,716
mozzarella,6,717
Dubary,6,718
kacsamell,6,719
Aszalt,6,720
hasáb,6,721
saslik,6,722
csirkehúsos,6,723
kakukkfüves,6,724
lekváros,6,725
üdítő,6,726
reszelt,6,727
marhahúsleves,6,728
Betyárgulyás,6,729
őszibarack,6,730
marhahús,6,731
Sárgaborsófőzelék,6,732
petr,6,733
citrusos,6,734
pulykacomb,6,735
csevapcsicsa,6,736
vaníliasodó,6,737
tekerve,6,738
pohárkrém,6,739
pásztor,6,740
pirít,6,741
köményes,6,742
Náncsi,6,743
sajtos-,6,744
sajtkrémes,6,745
gyömbéres,6,746
malachús,6,747
Babfőzelék,6,748
almakarika,6,749
rösztiké,6,750
vajmártás,6,751
őszibarackos,6,752
Ördöglepény,6,753
szelet-,6,754
budapes,6,755
Tarhonyaleves,5,756
kelkáposzta,5,757
Kofapecsenye,5,758
Bácskai,5,759
Vaníliás,5,760
Marhagulyás,5,761
Raguleves,5,762
falusi,5,763
csirkeleves,5,764
becsinált,5,765
Frankfurti,5,766
Gombapaprikás,5,767
Harcsapaprikás,5,768
kagylótészta,5,769
pacalpörkölt,5,770
Bogrács,5,771
Sajtburger,5,772
mézpácos,5,773
karamellizált,5,774
almapaprika,5,775
hamburger,5,776
fetás,5,777
steakburgonyá,5,778
Zöldfűszeres,5,779
tépett,5,780
Cheddar,5,781
kacsamáj,5,782
körteleves,5,783
Retro,5,784
Vörösboros,5,785
rizi-bizivel,5,786
burgonyagombóc,5,787
csirkehúsleves,5,788
fokhagyma,5,789
csülkös,5,790
sok,5,791
Gombapörkölt,5,792
masni,5,793
Csevapcsicsa,5,794
Szárazbabfőzelék,5,795
húsmentes,5,796
étel,5,797
gombapaprikás,5,798
tojásleves,5,799
Marhapörköl,5,800
csirkecomb-,5,801
Piedone,5,802
Meggyszósz,5,803
sertésjava,5,804
sajttal-sonka,5,805
párol,5,806
hekktörzs,5,807
Székely,5,808
kefíres,5,809
csevap,5,810
tarhonyaleves,5,811
Kemencé,5,812
690.-,5,813
hawaii,5,814
polenta,5,815
májrizottó,5,816
Kelkáposztafőzelék,5,817
Frédi,5,818
darab,5,819
csipedet,5,820
sali,5,821
póréhagymás,5,822
olaszos,5,823
csirkeapró,5,824
meggyes,5,825
Birkapörkölt,5,826
serpenyő,5,827
Csikóstokány,5,828
Li,5,829
Őszibarackos,5,830
befőt,5,831
pesztós,5,832
répás,5,833
pite,5,834
Marhalábszár,5,835
tócsik,5,836
Narancsos,5,837
szárny,5,838
R.,5,839
barnamártás,5,840
tör,5,841
Juhászbojtár,5,842
csirkefalat,5,843
borsmártás,5,844
coleslaw,5,845
sertésbatyu,5,846
vaníliás,5,847
Csabai,5,848
lencse,5,849
édes-savanyú,5,850
+1,5,851
borsós,5,852
Eszterházy,5,853
dubary,5,854
Tojásleves,4,855
Májgombócleves,4,856
Tarhonyás,4,857
Daragaluska,4,858
Rizsfelfújt,4,859
Májgaluska,4,860
Almaleves,4,861
szaggatott,4,862
Diós,4,863
birkapörkölt,4,864
gresli,4,865
Túró,4,866
Csirkepaprikás,4,867
Borjúpörkölt,4,868
Belsőségleves,4,869
otthon,4,870
Kertészleves,4,871
Pontyhalászlé,4,872
Pulled,4,873
pork,4,874
libaragu,4,875
Tejbegríz,4,876
Lencse,4,877
vasalt,4,878
főttburgonyá,4,879
Marhahúsleves,4,880
cérnácska,4,881
os,4,882
somlói,4,883
mandula,4,884
2190.,4,885
sodó,4,886
aprólékleves,4,887
pudingos,4,888
Hamburger,4,889
lazac,4,890
őszi,4,891
görögsaláta,4,892
variáció,4,893
tzatziki,4,894
mentás,4,895
palócleves,4,896
pljeskavica,4,897
Bazsalikomos,4,898
Ponty,4,899
mogyoróburgonya,4,900
korhelyleves,4,901
sárgaborsó,4,902
Édesburgonya,4,903
császármorzsa,4,904
Sertéspaprikás,4,905
liba,4,906
Kolozsvári,4,907
túró,4,908
libaraguleves,4,909
bogrács,4,910
Körmös,4,911
Halpaprikás,4,912
piszkefőzelék,4,913
káposztaleves,4,914
Karaláb,4,915
pulykasül,4,916
Thai,4,917
vitamin,4,918
sertéstekercs,4,919
mustár,4,920
forró,4,921
leves-,4,922
forgatott,4,923
Tejfeles,4,924
Póréhagyma,4,925
Borsófőzelék,4,926
pulykatokány,4,927
zúzapörkölt,4,928
gombamártás,4,929
cornflakes,4,930
Főnök,4,931
sajtmártásos,4,932
Zöldborsós,4,933
bánfi,4,934
Fasírt,4,935
rukkola,4,936
Kassai,4,937
Firenzei,4,938
finom,4,939
gyümölcsszósz,4,940
sobri,4,941
Párizsias,4,942
borított,4,943
dörzstarhonya,4,944
Sajtkrém,4,945
Cukkínis,4,946
flakes,4,947
befőtt,4,948
ricotta,4,949
lencseleves,4,950
fejes,4,951
paraj,4,952
borskérges,4,953
grillzöldség,4,954
besütve,4,955
Göngyölthús,4,956
csíkok-,4,957
zöldsaláta,4,958
Pulyka,4,959
Vajas,4,960
csirkepörköl,4,961
sültburgonyával,4,962
tarjasült,4,963
csk,4,964
csusz,4,965
Tepsi,4,966
steakburgonyával,4,967
kemence,4,968
répa,4,969
Tarjás,4,970
Csongrádi,4,971
csípős,4,972
parajkrémes,4,973
Fokhagymakrém,4,974
köles,4,975
mártásos,4,976
lilahagyma,4,977
babos,4,978
A.,4,979
sajtburger,4,980
pozsonyi,4,981
burgonyasalátá,4,982
fussili,4,983
becsinál,4,984
Lebbencsleves,3,985
Szilvás,3,986
Csirkeaprólék,3,987
betyárleves,3,988
Húsgombócleves,3,989
Pulykapörkölt,3,990
Sütőt,3,991
pármai,3,992
kecskeméti,3,993
Sertéshúsleves,3,994
betűtészta,3,995
rizsleves,3,996
Prézlis,3,997
garnélás,3,998
Zeller,3,999
aprólék,3,1000
Csirkehúsleves,3,1001
Csk,3,1002
Kelvirágleves,3,1003
Konyhakerti,3,1004
paradicsommártás,3,1005
harcsafilé,3,1006
Pacal,3,1007
Eperkrém,3,1008
hagymaleves,3,1009
süllő,3,1010
Eper,3,1011
édesburgonya,3,1012
Csevap,3,1013
pestos,3,1014
marhapörköl,3,1015
zöldségágy,3,1016
fatányéros,3,1017
tonhal,3,1018
cézár,3,1019
orjaleves,3,1020
Sertésraguleves,3,1021
sertésoldalas,3,1022
kevert,3,1023
natúrszelet,3,1024
cukkinis,3,1025
Tyúkpörkölt,3,1026
pácol,3,1027
Málnakrémleves,3,1028
carbonara,3,1029
májgaluska,3,1030
gazdagon,3,1031
céklasaláta,3,1032
csütörtök,3,1033
gyümölcc,3,1034
parázsburgonya,3,1035
zellerkrémleves,3,1036
vadragu,3,1037
Sertésszelet,3,1038
Krumpli,3,1039
bőrös,3,1040
"0,33l",3,1041
Gyrostál,3,1042
Sárgabarack,3,1043
Csemeg,3,1044
Ürügulyás,3,1045
fet,3,1046
Erőleves,3,1047
cigánypecseny,3,1048
Mészáros,3,1049
Babos,3,1050
Hentestokány,3,1051
Rózsa,3,1052
sándor,3,1053
Őszibarack,3,1054
arató,3,1055
tyúkleves,3,1056
hétvezér,3,1057
nincs,3,1058
burg,3,1059
Fitness,3,1060
stefánia,3,1061
Szalontüdő,3,1062
be,3,1063
Ürü,3,1064
Magyaros,3,1065
eredeti,3,1066
recept,3,1067
alap,3,1068
Hentesapró,3,1069
parázs,3,1070
pulykapörkölt,3,1071
Borzaska,3,1072
kacsaragu,3,1073
parmeza,3,1074
Sertéscsík,3,1075
Puszta,3,1076
pecsenye,3,1077
Csáky,3,1078
Gyrosos,3,1079
lecsós-tejfölös,3,1080
Tejespite,3,1081
madársaláta,3,1082
tőkehal,3,1083
Hurka,3,1084
önt,3,1085
Házi,3,1086
Fehérbab,3,1087
mozzarellás,3,1088
sajtos-gombás,3,1089
Pulykaragu,3,1090
eperkrémleves,3,1091
mini,3,1092
Piedóne,3,1093
Egres,3,1094
Sertésborda,3,1095
calzone,3,1096
farsangi,3,1097
Csirkeszárny,3,1098
corn,3,1099
rokfortos,3,1100
ceruzabab,3,1101
tarhonyás,3,1102
Marhacsont,3,1103
rösztik,3,1104
eperszalag,3,1105
eper,3,1106
puliszka,3,1107
tejes,3,1108
Sajtbundás,3,1109
darás,3,1110
camaber,3,1111
pogácsa,3,1112
sörtészta,3,1113
magyaróvári,3,1114
Fűszeres,3,1115
golyó,3,1116
sertéstar,3,1117
karfiolos,3,1118
Rácz,3,1119
húsgolyó,3,1120
savanyított,3,1121
pogács,3,1122
piszke,3,1123
dinsztelt,3,1124
Pulykasült,3,1125
graten,3,1126
Gyömbéres,3,1127
Almamártás,3,1128
vadasmártás,3,1129
barna,3,1130
grízgaluska,3,1131
karaj/rántott,3,1132
karfiol/rántott,3,1133
csirkebatyu,3,1134
csirkemájas,3,1135
fejtett,3,1136
szivárvány,3,1137
p.burgonya,3,1138
mac,3,1139
cheese,3,1140
Mákosguba,3,1141
Fetasajt,3,1142
pennén,3,1143
franciasalátá,3,1144
Kemence,3,1145
Kacsaragu,3,1146
színes,3,1147
tepsi,3,1148
p.,3,1149
Francia,3,1150
töltelékes,3,1151
vargabéles,3,1152
barackbefőtt,3,1153
magvakkal,3,1154
Dijoni,3,1155
erdőkerülő,3,1156
tarjasül,3,1157
paradicsomkarika,3,1158
Tepsis,3,1159
comb,3,1160
kolbászkarika,3,1161
kötözött,3,1162
mogyorókrémes,3,1163
sajtos-sonkás,3,1164
kétsajtos,3,1165
Cukkíni,3,1166
készült,2,1167
szendvics,2,1168
Paradicsomleves,2,1169
Májgaluskaleves,2,1170
Grízgaluska,2,1171
Grízgaluskaleves,2,1172
hurka-kolbász,2,1173
kenyér,2,1174
halrudak,2,1175
Eperkrémleves,2,1176
2290.-,2,1177
sajttal-sonkával,2,1178
sajtos-bundás,2,1179
Petrezselymes,2,1180
galuskaleves,2,1181
Palócleves,2,1182
csirkebecsinált,2,1183
Lencsekrém,2,1184
pörc,2,1185
Csorbaleves,2,1186
Májgombóc,2,1187
czigány,2,1188
tonhalas,2,1189
Vargabéles,2,1190
szalagos,2,1191
Grízgombócleves,2,1192
Minestrone,2,1193
Pontypaprikás,2,1194
kalocsai,2,1195
Csopaki,2,1196
Tarhonya,2,1197
libamáj,2,1198
Sajtkrémleves,2,1199
Sertéshús,2,1200
Jércemell,2,1201
Borsóleves,2,1202
tök,2,1203
Becsináltleves,2,1204
lúdgég,2,1205
zöld,2,1206
lime,2,1207
forgácsos,2,1208
hagymakarika,2,1209
vajon,2,1210
lestyános,2,1211
kérgezett,2,1212
harcsapaprikás,2,1213
ágyú,2,1214
édesburgonyapüré,2,1215
spárga,2,1216
mogyoró,2,1217
idény,2,1218
sólet,2,1219
eperkocka,2,1220
Zúza,2,1221
zeller,2,1222
Birkagulyás,2,1223
Libaleves,2,1224
kacsahúsos,2,1225
birka,2,1226
ajváros,2,1227
gyufatészta,2,1228
Marhahús,2,1229
tejberizs,2,1230
áfonyalekvár,2,1231
marhalábszár,2,1232
dió,2,1233
Pásztortarhonya,2,1234
borcsmártásos,2,1235
gyümölcskrém,2,1236
tejszínhabrózsa,2,1237
Forró,2,1238
burgonyakrém,2,1239
Halrudak,2,1240
kerti,2,1241
fokhagymakrémleves,2,1242
lencsekrémleves,2,1243
baconmorzsa,2,1244
kolbászhús,2,1245
Rózsagulyásleves,2,1246
malacleves,2,1247
emiliane,2,1248
márványsajtos,2,1249
szalonnapörc,2,1250
áfonyaszóss,2,1251
sajtos-tejfölös,2,1252
gyümölcskrémleves,2,1253
sertésflekk,2,1254
lúdgége,2,1255
Vajgaluska,2,1256
Zöldségkrém,2,1257
diós/mákos,2,1258
karfiolkrémleves,2,1259
pácolt,2,1260
besamel,2,1261
málnaszósz,2,1262
csopaki,2,1263
sajt-rántott,2,1264
áfonyakrémleves,2,1265
kertisaláta,2,1266
Penne,2,1267
Csirkemelles,2,1268
kakaópor,2,1269
eperdarab,2,1270
Halrúd,2,1271
vajbableves,2,1272
Camembert,2,1273
csülökkel,2,1274
Csirkemájas,2,1275
Libaraguleves,2,1276
indiai,2,1277
csülökpörköl,2,1278
brokkolikrémleves,2,1279
sajtbundás,2,1280
Tyúkerő,2,1281
paszúj,2,1282
Szegedi,2,1283
má,2,1284
sala,2,1285
Zöldségkrémleves,2,1286
fokhagymás-tejfölös,2,1287
meglepetés,2,1288
Tésztaleves,2,1289
málnakrémleves,2,1290
gombakrémleves-,2,1291
szilvakrémleves,2,1292
szilvamártás,2,1293
fehér,2,1294
csokoládé,2,1295
-sajttal-sonka,2,1296
-rántott,2,1297
Gyümölcs,2,1298
garnéla,2,1299
Vasi,2,1300
felsőcomb,2,1301
szállítás,2,1302
-töltött,2,1303
Mangókrémleves,2,1304
almakompót,2,1305
Zsemlegombóc,2,1306
Lencsekrémleves,2,1307
sajttal-gomba,2,1308
spárgakrémleves,2,1309
Marhacsontleves,2,1310
csokis,2,1311
Párizsiasan,2,1312
fokhagymás-lecsós,2,1313
Sárgaborsókrém,2,1314
Prágai,2,1315
Camambert,2,1316
Parajjal,2,1317
kàposzta,2,1318
pulykaszárny,2,1319
gom,2,1320
krém,2,1321
Sörös,2,1322
egyben,2,1323
mustáros-zöldfűszeres,2,1324
borsófőzelék,2,1325
gyümölcsszóss,2,1326
Ramen,2,1327
spenótos-tejszínes,2,1328
ruccolával-túró,2,1329
meggyragu,2,1330
konfitált,2,1331
péntek,2,1332
Sertéssül,2,1333
Mogyorókrémes,2,1334
piszkeszóss,2,1335
eperkrém,2,1336
Bográcsgulyás,2,1337
keménytarhonya,2,1338
Libamáj,2,1339
Sirius,2,1340
Csirkeraguleves,2,1341
-óvári,2,1342
or,2,1343
Zempléni,2,1344
Farsangi,2,1345
nagykunsági,2,1346
baby,2,1347
sertésszelet-,2,1348
joghurt,2,1349
fusilli,2,1350
Pulykatokány,2,1351
Pizza,2,1352
quattro,2,1353
bojtár,2,1354
narancs,2,1355
cigány,2,1356
family,2,1357
csángó,2,1358
Paprikásburgonya,2,1359
kelbimbó,2,1360
Póréhagymaleves,2,1361
tarja,2,1362
balzsamecetes,2,1363
juhtúró,2,1364
fasírozottal,2,1365
tócsni,2,1366
Mexikói,2,1367
kakastaréj,2,1368
sertéspaprikás,2,1369
Papirkás,2,1370
farfalle,2,1371
Spárga,2,1372
Burgonyakrém,2,1373
csirkecsík,2,1374
tanyasi,2,1375
mai,2,1376
sajtkrém,2,1377
sajttal-sonkával-kukorica,2,1378
burkolva,2,1379
r.sajt,2,1380
medvehagymás,2,1381
vitaminsaláta,2,1382
Meleg,2,1383
strapacska,2,1384
betyártekercs,2,1385
Tárkonyos,2,1386
penn,2,1387
gr,2,1388
kézműves,2,1389
2790.,2,1390
Sütőtök,2,1391
vadmártás,2,1392
csirkemellragu,2,1393
csirketokány,2,1394
mézes-szezámos,2,1395
karajszelet,2,1396
Csirkemellragu,2,1397
Csirkecombfilé,2,1398
újhagymás,2,1399
Mozarellás,2,1400
csurgatott,2,1401
burgonyasalátával,2,1402
karalábleves,2,1403
grat,2,1404
Szarvaspörkölt,2,1405
főétel,2,1406
pulykamell/rántott,2,1407
módra-,2,1408
torma,2,1409
r.pulykamell,2,1410
Körtés,2,1411
háromsajtos,2,1412
Mini,2,1413
grillkolbász,2,1414
nutellás,2,1415
lencsesaláta,2,1416
fűszervajas,2,1417
pulyapaprikás,2,1418
Hekk,2,1419
cukros,2,1420
Tanyasi,2,1421
Császármorzsa,2,1422
sajtgolyó,2,1423
Tyúkerőleves,2,1424
Vanília,2,1425
csicsa,2,1426
Camamber,2,1427
Mandulás,2,1428
karalábéleves,2,1429
Tortilla,2,1430
finomfőzelék,2,1431
paprikáskrumpli,2,1432
szóss,2,1433
rác,2,1434
szalvéta,2,1435
fusili,2,1436
besamell,2,1437
"0,33",2,1438
Lime,2,1439
oliva,2,1440
gersli,2,1441
Chili,2,1442
krumplisaláta,2,1443
Szántódi,2,1444
Vega,2,1445
zöldségszósz,2,1446
kenyérkocka,2,1447
Fokhagymakrémleves,2,1448
Bajor,2,1449
babsaláta,2,1450
Jóasszony,2,1451
árpagyöngy,2,1452
mátrai,2,1453
gorgonzola,2,1454
pulykaszelet,2,1455
knédli,2,1456
Petőfi,2,1457
parasztbatyu,2,1458
tejföllel,2,1459
Spagetti,2,1460
házias,2,1461
and,2,1462
vad,2,1463
Velős,2,1464
cérnametél,2,1465
répasaláta,2,1466
sör,2,1467
májgombóc,2,1468
jércemel,2,1469
bazsalik,2,1470
puding,2,1471
gyümölcsragu,2,1472
Paradicsomszószos,2,1473
sütőtökös,2,1474
becsináltleves,2,1475
baracklekváros,2,1476
papirka,2,1477
Szarvas,2,1478
Hamisgulyás,2,1479
száraz,2,1480
baget,2,1481
remulád,2,1482
sárgabarack,2,1483
sertéscsík-rántott,2,1484
paprikamártás,2,1485
Tar,2,1486
Gyümölcskrém,2,1487
sütő,2,1488
eszterházy,2,1489
Málnakrém,2,1490
Vaddisznó,2,1491
adventi,2,1492
kondorosi,2,1493
Chilisbab,2,1494
libazúza,2,1495
burgonyakroket,2,1496
Sztrapacska,2,1497
káposztaágy,2,1498
borsóleves,2,1499
Csirkehúsos,2,1500
vega,2,1501
sörbunda,2,1502
Laci,2,1503
csak,2,1504
sajtszóss,2,1505
Sport,1,1506
Bac,1,1507
csi,1,1508
Karfiolleves,1,1509
Meggyleves,1,1510
Erdélyi,1,1511
Monte,1,1512
cristo,1,1513
Bundás,1,1514
Grízgombóc,1,1515
Lencsegulyás,1,1516
Rizsleves,1,1517
Szilvaleves,1,1518
Burgonyagombóc,1,1519
második,1,1520
Pecseny,1,1521
Gölődin,1,1522
Gölődinleves,1,1523
éhes,1,1524
gumis,1,1525
palócgulyás,1,1526
Rác,1,1527
Eperleves,1,1528
Karalábéleves,1,1529
Hagymakrém,1,1530
tiramisu,1,1531
Burgonyás,1,1532
Szilvalekváros,1,1533
Korhely,1,1534
Rizskók,1,1535
birkapörköl,1,1536
bisztró,1,1537
B.u.é.k,1,1538
Gyümölcsrizs,1,1539
Libaragu,1,1540
körtekosár,1,1541
munkaerő,1,1542
felvesz,1,1543
Zsemlegombócleves,1,1544
Gundel,1,1545
Karalábleves,1,1546
Krumplileves,1,1547
pesztó,1,1548
szál,1,1549
bor,1,1550
bőr,1,1551
rosé,1,1552
marhapofa,1,1553
blansírozott,1,1554
szamóca,1,1555
gerezd,1,1556
édestejföl,1,1557
burgonyakarika,1,1558
bébispenóttal,1,1559
chuteny,1,1560
cornflakes-,1,1561
bolognai,1,1562
c19,1,1563
mangó,1,1564
kalács,1,1565
Körteleves,1,1566
tűzdelt,1,1567
válogatás,1,1568
korkett,1,1569
Wellington,1,1570
pongyolás,1,1571
Palacsinta,1,1572
smokey,1,1573
barbecue,1,1574
sülve,1,1575
hagymamártás,1,1576
túrógombóccal,1,1577
burgonyalángos,1,1578
csirkesaláta,1,1579
zöldkérges,1,1580
céklakrém,1,1581
csavarva,1,1582
meggyzselé,1,1583
céklapüré,1,1584
pestós,1,1585
tagliatell,1,1586
rusztikus,1,1587
pappfia,1,1588
maffia,1,1589
Borscs,1,1590
csónakburgonyá,1,1591
libanyakkal,1,1592
feketeribizli,1,1593
meleg,1,1594
rostonsült,1,1595
parajos-tejszínes,1,1596
libahúsos,1,1597
meggykrém,1,1598
hagymabunda,1,1599
póréhagyma-krémleves,1,1600
marhalábszárpörkölt,1,1601
chipsszel,1,1602
daragaluská,1,1603
barackkrémleves,1,1604
sütőt,1,1605
krutonnal,1,1606
Õszibarack,1,1607
Sós,1,1608
karamellás,1,1609
Csirkepörköl,1,1610
Szatmári,1,1611
szamócakrémleves,1,1612
parajkrémleves-fokhagymás,1,1613
gyöngy,1,1614
1.,1,1615
890.-,1,1616
2.,1,1617
Halrudacska,1,1618
Szabolcsi,1,1619
burbon,1,1620
hasselback,1,1621
Sütőtökkrémleves,1,1622
gyümölcsök,1,1623
karamel,1,1624
pásztortarhonya,1,1625
Szárnyasaprólék,1,1626
ludaskás,1,1627
lecsókolbász,1,1628
kacsahúsleves,1,1629
Borjú,1,1630
jus,1,1631
gazpacho,1,1632
köretkosár,1,1633
kacsamellragu,1,1634
libahús,1,1635
panko,1,1636
tejszínes-kakukkfüves,1,1637
kacsatokány,1,1638
Mandulabundás,1,1639
pár,1,1640
vaníliakrémes,1,1641
nyárs,1,1642
rizssaláta,1,1643
fõtt,1,1644
fetával-sonka,1,1645
grízgombóc,1,1646
meggykrémleves,1,1647
Túróscsusza,1,1648
üvegtészta,1,1649
Csiki,1,1650
-mákos,1,1651
spaghetti,1,1652
fetasajt,1,1653
csirkenuggets,1,1654
aszaltparadicsomos,1,1655
Favágó,1,1656
Rózsaburger,1,1657
Bisztró,1,1658
zsályás,1,1659
Karalábé,1,1660
"0,33dl",1,1661
2290.,1,1662
gombakrémes,1,1663
szósszal,1,1664
májgombócleves,1,1665
gyümölcsrizs,1,1666
Dejós,1,1667
négysajt,1,1668
mangókrémleves,1,1669
Garnélás,1,1670
lencsegulyás,1,1671
Zöldség,1,1672
Sültes,1,1673
tálat,1,1674
szombati,1,1675
vasárnapi,1,1676
elvitel,1,1677
készít,1,1678
ürügulyás,1,1679
málnakrém,1,1680
kovászosuborka-krémleves,1,1681
póréhagyma,1,1682
Maláj,1,1683
dióbunda,1,1684
mákos-sajtos,1,1685
káp,1,1686
Lecsegulyás,1,1687
kelvirágleves,1,1688
sertésszél,1,1689
karfiolos-pestós,1,1690
sajttal-sonkával-gomba,1,1691
Hagyma,1,1692
Bojtár,1,1693
hurka-kolbàsz,1,1694
farfall,1,1695
Tyúkleves,1,1696
tejfölös-baconos,1,1697
Arany,1,1698
választható,1,1699
Karamellizált,1,1700
Gulyás,1,1701
Snapszer,1,1702
húsgaluska,1,1703
négysaj,1,1704
+választható,1,1705
Szalagos,1,1706
szárazbabfőzelék,1,1707
Pozsonyi,1,1708
Malachús,1,1709
rózsa,1,1710
-grillcsirke,1,1711
Karalábkrémleves,1,1712
tyúkhúsleves-,1,1713
fa,1,1714
Szilvásgombóc,1,1715
rózsagulyás,1,1716
Kacsahúsleves,1,1717
sült/köret,1,1718
május,1,1719
tejfölös-fokhagymás,1,1720
mézes-sörös,1,1721
Sárgaborsógulyás,1,1722
babkrémleves,1,1723
Tyúkhús,1,1724
bolognes,1,1725
juicy,1,1726
csirkeraguleves,1,1727
Meglepetés,1,1728
---,1,1729
Lúdláb,1,1730
Mascarponés,1,1731
tüzes,1,1732
toros,1,1733
pulykaleves,1,1734
Mennyei,1,1735
Ház,1,1736
-burgonyafőzelék,1,1737
290,1,1738
kcal,1,1739
ezersziget,1,1740
extrudált,1,1741
sajtsziget,1,1742
Tempura,1,1743
Gombakrémleves,1,1744
mennyei,1,1745
palóc,1,1746
Modenai,1,1747
holstein,1,1748
ízes-grízes,1,1749
mell,1,1750
Bundáskenyér,1,1751
szendy,1,1752
szilvalekvár,1,1753
maj,1,1754
-szarvasgombás,1,1755
-magyaros,1,1756
rózsagulyásleves,1,1757
Csirkeleves,1,1758
Kertész,1,1759
borcsleves,1,1760
trappista,1,1761
Csirkehús,1,1762
lencsefőzelékkel,1,1763
kacsaleves,1,1764
Székelygulyás,1,1765
Téli,1,1766
Borsópörkölt,1,1767
Sonkás,1,1768
Dubai,1,1769
Paprikáskrumpli,1,1770
citromos-joghurtos,1,1771
Laskagom,1,1772
Máglya,1,1773
rakás,1,1774
Vargány,1,1775
besütött,1,1776
Szakács,1,1777
codon,1,1778
korhely,1,1779
virslikarika,1,1780
gyors,1,1781
spenoth,1,1782
hagymás-paprikás,1,1783
köménymagos,1,1784
sertéspörköl,1,1785
Saslik,1,1786
Kacsahús,1,1787
sárgaborsó-krémleves,1,1788
2,1,1789
makarónival,1,1790
meggyszóss,1,1791
Krumplistészta,1,1792
pulykarostélyos,1,1793
székely,1,1794
csoki,1,1795
szombat,1,1796
kaliforniai,1,1797
retekcsíra,1,1798
vinagrette,1,1799
cornflakes-es,1,1800
előétel,1,1801
szeletelt,1,1802
rukkolás,1,1803
tésztatekercs,1,1804
sonkaragu,1,1805
vajgaluskaleves,1,1806
tejfeles,1,1807
meggymártásos,1,1808
Csicseriborsó,1,1809
pünkösd,1,1810
Palatinus,1,1811
Ruccola,1,1812
Tordai,1,1813
laci,1,1814
Kocsonya,1,1815
Szalámis,1,1816
uborkasala,1,1817
Fitnesz,1,1818
Szárnyasraguleves,1,1819
kentucky,1,1820
karfiol-gomba,1,1821
Gyroszos,1,1822
kéksajt,1,1823
Sültkarfiol,1,1824
Márványsajtos,1,1825
Bisztrógulyás,1,1826
1.690.-,1,1827
diákcsemege,1,1828
virslikarikákkal,1,1829
Pulykarostélyos,1,1830
csirkefasírt,1,1831
formaggio,1,1832
Juhász,1,1833
pürével,1,1834
március,1,1835
libamell,1,1836
almaszósz,1,1837
Lacipecsenye,1,1838
sárgaborsógulyás,1,1839
Libazúza,1,1840
Libaaprólék,1,1841
boldog,1,1842
karácsony,1,1843
kíván,1,1844
korzikai,1,1845
sokféle,1,1846
tejfölös-sajtos,1,1847
Frankfurtileves,1,1848
Karfiolos,1,1849
Zsiványpecsenye,1,1850
olívabogyó,1,1851
petrezselymes-vajas,1,1852
Nagypéntek,1,1853
Szilva,1,1854
Brokkolileves,1,1855
Savanyúleves,1,1856
daragaluskával,1,1857
Piszkefőzelék,1,1858
pulykamellcsík,1,1859
párm,1,1860
Arrabiata,1,1861
vág,1,1862
bébirépás,1,1863
tengerihal,1,1864
Provanszi,1,1865
Carbanara,1,1866
brokkolis-tejszínes,1,1867
Caprise,1,1868
Tepertős,1,1869
toszkán,1,1870
Betyárgombóc,1,1871
Szürkemarha,1,1872
Vaníliakrémes,1,1873
palacsita,1,1874
szárnyasaprólék,1,1875
rostos,1,1876
felvidéki,1,1877
Arabiata,1,1878
tintahal,1,1879
besamelles,1,1880
warp,1,1881
Tyúk,1,1882
kilyevi,1,1883
jázminrizz,1,1884
sajtos-jalapenos,1,1885
Sültmalachús,1,1886
fasírtgolyó,1,1887
pánkós,1,1888
Zöldséggombóc,1,1889
tartárr,1,1890
Corn,1,1891
1-14.,1,1892
Kacsasült,1,1893
Parasztsonkás,1,1894
halfalat,1,1895
Karfiolkrémleves,1,1896
Juicy,1,1897
lucy,1,1898
200,1,1899
Spanyol,1,1900
Marharagu,1,1901
sertésvelő,1,1902
Juhtúrós,1,1903
Sarkadi,1,1904
Pulykamell,1,1905
Hamis,1,1906
Daragaluskaleves,1,1907
Zsivány,1,1908
Dán,1,1909
Flintstone,1,1910
augusztus,1,1911
tzatzikis,1,1912
Ceruzababos,1,1913
Bugaci,1,1914
pulykamel,1,1915
vadgombás,1,1916
Pho,1,1917
dunántúli,1,1918
krémsajt,1,1919
Lencsesaláta,1,1920
stefánia-szelet,1,1921
Gesztenyepüré,1,1922
790.,1,1923
Pikáns,1,1924
Kolbászmorzsás,1,1925
kukorcás,1,1926
Somlyói,1,1927
tarkaleves,1,1928
karikaburgonyával,1,1929
porcukor,1,1930
Salsa,1,1931
pácos,1,1932
csirkecombfié,1,1933
Óváris,1,1934
Cornflak-es,1,1935
libanyakleves,1,1936
fokhagymás-tejszínes,1,1937
dec.13,1,1938
Sertéstokány,1,1939
betyárgulyás,1,1940
kókuszkocka,1,1941
őszies,1,1942
citromos-kakukkfüves,1,1943
vadász,1,1944
kockaburgonya,1,1945
Őszibarackkal,1,1946
gyümölcsfőzelék,1,1947
Cornfakes,1,1948
csirkemáj-,1,1949
sültrizs,1,1950
franica,1,1951
spagetsti,1,1952
curry-s,1,1953
bisztróburger,1,1954
hasább,1,1955
sültestàl,1,1956
steafánia,1,1957
Pusztapörkölt,1,1958
sütött,1,1959
libaszárnytő,1,1960
tarjaszelet,1,1961
Grenadil,1,1962
mars,1,1963
Darás,1,1964
cukkini-gomba,1,1965
tető,1,1966
Karfiolsteak,1,1967
Párzsi,1,1968
"1.3,7",1,1969
Teriyaki,1,1970
illatos,1,1971
zelleres,1,1972
marahapörkölt,1,1973
laskagomba,1,1974
papirkás,1,1975
gölõdin,1,1976
Szárnyasragu,1,1977
‘,1,1978
n,1,1979
’,1,1980
chipsz,1,1981
sültes,1,1982
snidliges,1,1983
tésztas,1,1984
Cukkinis,1,1985
zöldborsó-krémleves,1,1986
retró,1,1987
csirkeaprólék,1,1988
Mangó,1,1989
vörösboros-lencsés,1,1990
csirkés-zöldséges,1,1991
körtés,1,1992
nyári,1,1993
fr.,1,1994
tenger,1,1995
lencsefőzelék,1,1996
piacos,1,1997
Laskagombás,1,1998
r.saj,1,1999
pepperóni,1,2000
antipasto,1,2001
besüt,1,2002
Svájc,1,2003
cukkínis,1,2004
pacalcsor,1,2005
tempurá,1,2006
ananászmártás,1,2007
Hollandi,1,2008
caruzabab,1,2009
bableves-,1,2010
libany,1,2011
coleslaw-val,1,2012
csirkemellsteak,1,2013
Toszkán,1,2014
fasíroz,1,2015
Gyöngyhagymás,1,2016
malacpecsenye,1,2017
Medve,1,2018
füst,1,2019
Calzone,1,2020
fermentált,1,2021
káp.sali,1,2022
mázas,1,2023
camembert,1,2024
csikós,1,2025
egy,1,2026
tányér,1,2027
Spárgakrém,1,2028
csirkeszárny-,1,2029
Kacsa,1,2030
minigombóc,1,2031
Galuskás,1,2032
sültoldalas,1,2033
sültestál,1,2034
tép,1,2035
kacsás,1,2036
törzs,1,2037
tésztán,1,2038
egybensült,1,2039
Pljeskavica,1,2040
hasábburgony,1,2041
cukor,1,2042
Tortellini,1,2043
krumli,1,2044
tönkölygaluská,1,2045
Sertéscomb,1,2046
Palócuglyás,1,2047
kagyló,1,2048
szárnyasragu,1,2049
Szemes,1,2050
kaszás,1,2051
burogonyapüré,1,2052
Újhagymás,1,2053
Pórhagymás,1,2054
gyöngyhagymás-gombás,1,2055
Sültcsászárhús,1,2056
lila,1,2057
bulgursaláta,1,2058
petrezselyem,1,2059
porvance,1,2060
csirkmáj,1,2061
fûszeres,1,2062
Betyárbatyu,1,2063
Betyártekercs,1,2064
Burgundis,1,2065
tökleves,1,2066
Káposztaágy,1,2067
szalvétagombóc,1,2068
Caprese,1,2069
zúzapörköl,1,2070
rozmaringos-citromos,1,2071
sültburgonyá,1,2072
ház,1,2073
sajtleves,1,2074
Kertészgulyás,1,2075
pulykabecsinált,1,2076
-tükörtojásos,1,2077
-Csongrádi,1,2078
-Bbq,1,2079
répás-cukkinis,1,2080
babkrém,1,2081
sóskaleves,1,2082
Szalonnás,1,2083
magv,1,2084
Fesztivál,1,2085
galuskás,1,2086
-kakaspörkölt,1,2087
-pulykatokány,1,2088
cvekedlin,1,2089
jó,1,2090
asszony,1,2091
szórt,1,2092
-kínai,1,2093
-baconos-kelbimbós,1,2094
-sajtgolyó,1,2095
csirkemell/rántott,1,2096
box,1,2097
csiped,1,2098
cékla,1,2099
kolbászcsipsz,1,2100
rostályos,1,2101
Cornlakes,1,2102
stír,1,2103
Váraljai,1,2104
afrikai,1,2105
hal-,1,2106
tintahalkarika,1,2107
Zellerkrém,1,2108
sertéscomb,1,2109
málnás,1,2110
dressing,1,2111
Rostonsült,1,2112
jércé,1,2113
zöldbors,1,2114
sültcsül,1,2115
csont,1,2116
káposztasali,1,2117
svájci,1,2118
grillcsirkemell,1,2119
Chedar,1,2120
jalapeno,1,2121
Kapuvári,1,2122
Brindzás,1,2123
Szentgyörgyi,1,2124
gyöngyhagymás,1,2125
Csevep,1,2126
angol,1,2127
prézlistészta,1,2128
Mártai,1,2129
hagymás-gombás,1,2130
natùr,1,2131
kukoricà,1,2132
borítva,1,2133
Vadgulyás,1,2134
Szemesbabfőzelék,1,2135
f.,1,2136
szász,1,2137
lakodalmas,1,2138
ananászkarika,1,2139
prágai,1,2140
dejós,1,2141
gombleves,1,2142
Csirkebecsinált,1,2143
Sütőtökleves,1,2144
Lasangne,1,2145
olivabogyó,1,2146
copfocska,1,2147
Hallé,1,2148
h.burgonya,1,2149
Vajbableves,1,2150
kéksaj,1,2151
-budapest,1,2152
-Orly,1,2153
-csirke,1,2154
csirkés-zöldborsós,1,2155
belsőség,1,2156
finomfalat,1,2157
Szaftos,1,2158
sajtbunda,1,2159
Barbecue,1,2160
Epres,1,2161
sajttorta,1,2162
Milánóin,1,2163
pirítva,1,2164
darálthúsos,1,2165
Liony,1,2166
Sűrűbab,1,2167
baconos-sajtos,1,2168
töltelék,1,2169
fussini,1,2170
Curry,1,2171
s,1,2172
hagymakrém,1,2173
pulykapörköl,1,2174
sajtos/tejfölös,1,2175
Körtekrém,1,2176
Mesteríjász,1,2177
mézes-chilis,1,2178
Lebbencs,1,2179
-csirkepaprikás,1,2180
-dubary,1,2181
sajtkrémes-bundás,1,2182
rizzsell,1,2183
Sárgabarackleves,1,2184
répás-tejszínes,1,2185
Szecsuáni,1,2186
füstöltsajt-mártás,1,2187
Karfiolfasírt,1,2188
Vöröslencse,1,2189
gőzgombóc,1,2190
Metélőhagyma,1,2191
Erélyi,1,2192
cukkini-,1,2193
héjas,1,2194
Kefíres,1,2195
Burgonyagombócleves,1,2196
fő,1,2197
ma,1,2198
mál,1,2199
provencei,1,2200
zsömle,1,2201
Erdőkerülő,1,2202
emiliana,1,2203
Fish,1,2204
paraszt,1,2205
borjúgombóc,1,2206
sajt-párizsi,1,2207
krémsajtos,1,2208
tarj,1,2209
Csirkepapirkás,1,2210
Tiramisu,1,2211
Kőrösi,1,2212
Lecsó,1,2213
Carbon,1,2214
sonkaszelet,1,2215
zsebes,1,2216
hentesapró,1,2217
kacsaaprólék,1,2218
Chedár,1,2219
Vadragu,1,2220
sertésvagdalt,1,2221
Mel,1,2222
párizsias,1,2223
tejespite,1,2224
kavalkád,1,2225
tonhalas-paradicsomos,1,2226
rizzz,1,2227
koktélparadicsom,1,2228
bogdáni,1,2229
Juhtúró,1,2230
narancsmártás,1,2231
Sertésjava,1,2232
Kelkáposztás,1,2233
padlizsán,1,2234
visegrádi,1,2235
–fűszervajas,1,2236
Csirkenuggets,1,2237
gombfej,1,2238
zöldségsaláta,1,2239
tartárm,1,2240
remuld,1,2241
nyúl,1,2242
téli,1,2243
Mustáros,1,2244
vel,1,2245
Sírius,1,2246
eperlekvár,1,2247
Mozzarela,1,2248
sertéscsül,1,2249
csirkerész,1,2250
vegetáriánus,1,2251
sörmártás,1,2252
kelkáposztafőzelék,1,2253
Toscanai,1,2254
Tojás,1,2255
Nagymama,1,2256
gombóca,1,2257
tojásos-gombás,1,2258
Bánffy,1,2259
bukta,1,2260
buronyasaláta,1,2261
banconös,1,2262
Natùr,1,2263
sonkà,1,2264
tötve,1,2265
Legényfogóleves,1,2266
Almás,1,2267
vargány,1,2268
laskagom,1,2269
ananászleves,1,2270
szilvalekváros,1,2271
burogny,1,2272
grissini,1,2273
sárgaborsó-gulyás,1,2274
fokhagymakrém,1,2275
csülökleves,1,2276
csirkefelsőcomb,1,2277
ördöglepény,1,2278
fogas,1,2279
vegán,1,2280
Mályarakás,1,2281
Áfonyás,1,2282
halpaprikás,1,2283
Morzsás,1,2284
Borscsleves,1,2285
Aszaltszilva,1,2286
nuldi,1,2287
Grillezett,1,2288
halloumi,1,2289
zöldségnyárs,1,2290
Gyöngyölt,1,2291
cukorral|kakaópor,1,2292
káposztafőzelék,1,2293
Mákos|sajtos,1,2294
svéd,1,2295
gombasaláta,1,2296
Parmeza,1,2297
lencsekrém,1,2298
marhatokány,1,2299
snidlinges-fokhagymás,1,2300
masnitészta,1,2301
Pulykapaprikás,1,2302
Raffaello,1,2303
porchetta,1,2304
ubival,1,2305
gombapörkölt,1,2306
Csor,1,2307
sárgaborsóleves,1,2308
fagylalt,1,2309
zempléni,1,2310
szarvasragu,1,2311
túrótöltelékes,1,2312
formaggi,1,2313
lucskos,1,2314
vegyesvágot,1,2315
Ördög,1,2316
citrus,1,2317
grillezve,1,2318
lilakáposzta/burgonyapüré,1,2319
céklasalátá,1,2320
Sertésapró,1,2321
fasírtall,1,2322
Paraj,1,2323
Fácánleves,1,2324
Megacsk,1,2325
210,1,2326
+sült,1,2327
saját,1,2328
készítésű,1,2329
zellerkrém,1,2330
10,1,2331
lap,1,2332
Gombaszószos,1,2333
tárkonyos-gombás,1,2334
brownie,1,2335
Slambuc,1,2336
Kecskeméti,1,2337
kelkáposztás,1,2338
betyàr,1,2339
hùsgombòc,1,2340
tèsztàval,1,2341
bessamel,1,2342
piszkeszósz,1,2343
málnaöntet,1,2344
körte,1,2345
lúdas,1,2346
kás,1,2347
Minestorne,1,2348
Conflakes,1,2349
Csoki,1,2350
st.,1,2351
szilvakrém,1,2352
bográcsos,1,2353
Holsetin,1,2354
marhasül,1,2355
édesburgonya-krémleves,1,2356
baconchipsz,1,2357
Szamóca,1,2358
tész,1,2359
Falafel,1,2360
peperonat,1,2361
Vadpörkölt,1,2362
húsospalacsinta,1,2363
kolbáss,1,2364
tarjás,1,2365
cukros-ecetes,1,2366
négyborsos,1,2367
Zölborsófőzelék,1,2368
-tarhonyás,1,2369
-pirított,1,2370
-krumplis,1,2371
Oldalas,1,2372
Betyárleves,1,2373
Parmezán,1,2374
felső,1,2375
vörös,1,2376
boros,1,2377
göngyölthús,1,2378
rész,1,2379
Zsömlegombóc,1,2380
Metélőhagymás,1,2381
rose,1,2382
Lasage,1,2383
vöröslencse,1,2384
Bojtárleves,1,2385
sonkakrémes,1,2386
&,1,2387
baconchipsszel,1,2388
Borjúpörköl,1,2389
Szemesbableves,1,2390
kacsamájas,1,2391
Cornflak,1,2392
habos,1,2393
csontleves-,1,2394
r.karfiol,1,2395
Gyöngytyúk,1,2396
Majonézes,1,2397
zselmegombóc,1,2398
fokhagyás,1,2399
Babgulyásleves,1,2400
rizbizi,1,2401
fetás-töltött,1,2402
ázsiai,1,2403
camambart,1,2404
körteszósz,1,2405
Tejszínes,1,2406
kelbimbós,1,2407
èdes,1,2408
kàposztàval,1,2409
paradicsomártás,1,2410
Codon,1,2411
Marry,1,2412
me,1,2413
chick,1,2414
taglietell,1,2415
sárgarépás,1,2416
Mozzarella,1,2417
paella,1,2418
karifol,1,2419
sárgaborsófőzelék,1,2420
Napraforgós,1,2421
kacsaraguleves,1,2422
sajt/karfiol,1,2423
Mangókrém,1,2424
pulykapaprikás,1,2425
sertéscsíkok-,1,2426
Kukorica,1,2427
kolbászchips,1,2428
Tenger,1,2429
húsgombócok,1,2430
csirkecombfil,1,2431
csibefasírt,1,2432
Zabpehely,1,2433
Tejszines,1,2434
spenót,1,2435
hagymásburgonya,1,2436
zúzás,1,2437
velesül,1,2438
Madártej,1,2439
Káposzta,1,2440
Ranch,1,2441
mozarella,1,2442
eperszósszal,1,2443
sütőtökpüré,1,2444
wrap,1,2445
Gombakrém,1,2446
cénácska,1,2447
edami,1,2448
cotto,1,2449
márványsajtmártásos,1,2450
spagettt,1,2451
táll,1,2452
cérna,1,2453
sztroganoff,1,2454
csikemell,1,2455
bácsi,1,2456
magyar,1,2457
csirkenyárs,1,2458
Pepperóni,1,2459
húsgomboc,1,2460
is,1,2461
kérhető,1,2462
Reszteltleves,1,2463
tejszínes-brokkolis,1,2464
Country,1,2465
karj,1,2466
Melbaszelet,1,2467
nyírégi,1,2468
csirkefasírozott,1,2469
palatinus,1,2470
Felesborsóleves,1,2471
pulykahúsos,1,2472
r.csirkeszárny,1,2473
r.gomba,1,2474
tyúkhús,1,2475
ubi,1,2476
Kacsás,1,2477
pincepörkölt,1,2478
Szilvásderelye,1,2479
bisztó,1,2480
Csíki,1,2481
paradicsomsaláta,1,2482
Gomba,1,2483
mórahalmi,1,2484
gordon,1,2485
chedár,1,2486
vörösbabos-lencsés,1,2487
Pulyakpörkölt,1,2488
puffancs,1,2489
bisztro,1,2490
Fehér,1,2491
f.saj,1,2492
sülthús,1,2493
Paradicsom,1,2494
Máglyrakás,1,2495
sajtos-tejfeles,1,2496
tejsodó,1,2497
hallé,1,2498
Pacalpörköl,1,2499
Chilli,1,2500
ünnepnap,1,2501
bryndzás,1,2502
krémelves,1,2503
húspogácsa,1,2504
halrudacska,1,2505
zöldbabos,1,2506
karfioll,1,2507
pulyaapró,1,2508
laktózmentes,1,2509
áfonyaszósz,1,2510
almakrémleves,1,2511
marhakocka,1,2512
császárszalonna,1,2513
Paradicsomkrémleves,1,2514
bíbornok,1,2515
mustármártás,1,2516
Sárgababfőzelék,1,2517
pepperónis,1,2518
csirkemellcsík–rántott,1,2519
chillis-bab,1,2520
sörös,1,2521
zsenge,1,2522
előfizető,1,2523
kakaó,1,2524
hagymás-,1,2525
Halleves,1,2526
röstike,1,2527
Rizseshús,1,2528
Böllér,1,2529
Baromfiaprólék,1,2530
Kelbimbóleves,1,2531
szórat,1,2532
